t,n_persons,person_found,person_conf,kp_visible,torso_angle,aspect,bed_found,bed_seen,bed_overlap,hip_on_bed,knee_angle,motion,brightness,px1,py1,px2,py2,bx1,by1,bx2,by2
0.0,1,1,0.673,0.706,84.5,3.133,1,1,1.0,1,,,104.9,0.114,0.131,0.714,0.471,0.001,0.103,0.999,0.985
0.48,2,1,0.621,0.824,89.8,3.667,1,1,1.0,1,,0.359,118.0,0.138,0.334,0.949,0.727,0.001,0.229,0.998,0.986
0.96,0,0,,,,,1,1,,,,,123.1,,,,,0.001,0.325,0.997,0.985
1.44,2,1,0.433,0.765,66.9,2.524,1,1,0.899,1,,0.152,119.9,0.012,0.339,0.791,0.887,0.001,0.394,0.995,0.985
1.92,2,1,0.369,0.765,74.1,3.202,1,1,0.995,1,,0.171,119.5,0.006,0.399,0.757,0.816,0.001,0.401,0.995,0.986
2.4,1,1,0.716,0.706,45.7,1.286,1,1,0.914,1,,1.055,117.5,0.462,0.395,0.81,0.876,0.001,0.436,0.994,0.987
2.88,1,1,0.394,0.824,86.2,3.14,1,1,1.0,1,,0.461,115.8,0.004,0.449,0.808,0.904,0.002,0.44,0.995,0.988
3.36,1,1,0.592,0.706,69.7,1.757,1,1,0.939,1,,0.809,117.3,0.447,0.429,0.826,0.812,0.001,0.452,0.995,0.988
3.84,1,1,0.462,0.706,89.9,3.489,1,1,0.966,1,,0.443,116.6,0.0,0.442,0.83,0.864,0.001,0.456,0.995,0.988
4.32,1,1,0.523,0.824,88.1,3.205,1,1,0.904,1,,0.069,112.3,0.003,0.399,0.819,0.852,0.001,0.443,0.995,0.987
4.8,1,1,0.372,0.706,84.5,3.176,1,1,0.879,1,,0.072,107.9,0.0,0.36,0.849,0.836,0.001,0.418,0.995,0.986
5.28,1,1,0.397,0.706,87.1,3.229,1,1,0.859,1,,0.062,105.6,0.0,0.331,0.812,0.778,0.001,0.394,0.996,0.986
5.76,1,1,0.422,0.706,69.7,2.896,1,1,0.886,1,,0.786,107.6,0.377,0.348,0.91,0.675,0.001,0.385,0.996,0.985
6.24,1,1,0.438,0.706,87.0,3.234,1,1,0.911,1,,0.514,105.5,0.0,0.331,0.818,0.781,0.001,0.371,0.996,0.985
6.72,1,1,0.367,0.706,86.3,3.338,1,1,0.973,1,,0.02,107.6,0.0,0.353,0.878,0.821,0.001,0.365,0.996,0.985
7.2,1,1,0.612,0.765,88.9,3.094,1,1,0.999,1,,0.056,111.9,0.0,0.392,0.85,0.88,0.001,0.378,0.997,0.985
7.68,1,1,0.459,0.706,87.7,3.554,1,1,0.999,1,,0.067,116.6,0.0,0.438,0.87,0.873,0.001,0.401,0.996,0.985
8.16,0,0,,,,,1,1,,,,,117.6,,,,,0.001,0.423,0.994,0.986
8.64,1,1,0.438,0.706,82.7,3.085,1,1,1.0,1,169.1,0.073,115.4,0.004,0.434,0.816,0.902,0.001,0.427,0.994,0.987
9.12,2,1,0.36,0.706,74.1,2.642,1,1,0.877,1,,0.147,117.3,0.005,0.388,0.8,0.923,0.001,0.454,0.994,0.989
9.6,2,1,0.423,0.765,75.6,2.93,1,1,0.935,1,,0.038,120.0,0.007,0.416,0.766,0.877,0.002,0.446,0.987,0.987
10.08,2,1,0.457,0.765,64.4,2.442,1,1,0.734,1,,0.151,120.0,0.015,0.331,0.782,0.889,0.002,0.479,0.988,0.988
10.56,0,0,,,,,1,1,,,,,123.3,,,,,0.002,0.5,0.99,0.987
11.04,1,1,0.644,0.765,89.2,3.683,1,1,0.5,1,,0.168,118.3,0.152,0.353,0.793,0.662,0.002,0.508,0.992,0.987
11.52,1,1,0.66,0.765,88.8,3.107,1,1,0.239,1,,0.284,105.6,0.119,0.129,0.721,0.473,0.002,0.391,0.992,0.985
12.0,1,1,0.671,0.765,87.6,3.797,1,1,0.719,1,,0.138,116.2,0.147,0.308,0.959,0.689,0.002,0.415,0.99,0.986
12.48,2,1,0.547,0.706,73.9,3.197,1,1,0.742,1,,0.28,122.7,0.004,0.343,0.787,0.778,0.002,0.455,0.993,0.986
12.96,1,1,0.584,0.765,66.2,2.72,1,1,0.793,1,,0.135,120.4,0.006,0.38,0.796,0.896,0.002,0.487,0.993,0.986
13.44,1,1,0.712,0.588,,1.352,1,1,0.717,1,,1.338,119.1,0.42,0.373,0.746,0.802,0.002,0.494,0.994,0.986
13.92,2,1,0.618,0.647,58.2,1.321,1,1,0.776,1,,0.635,117.9,0.46,0.394,0.819,0.878,0.002,0.502,0.994,0.987
14.4,1,1,0.46,0.882,67.7,2.016,1,1,0.926,1,,0.563,116.8,0.466,0.463,0.87,0.819,0.002,0.489,0.995,0.988
14.88,1,1,0.821,0.647,85.1,1.658,1,1,0.813,1,,0.346,116.8,0.443,0.414,0.816,0.815,0.002,0.489,0.995,0.989
15.36,2,1,0.44,0.824,87.5,3.508,1,1,0.927,1,,0.324,116.6,0.003,0.45,0.821,0.865,0.002,0.48,0.995,0.988
15.84,1,1,0.66,0.706,85.8,3.03,1,1,0.872,1,,0.306,113.2,0.002,0.398,0.86,0.901,0.002,0.462,0.995,0.987
16.32,1,1,0.432,0.706,83.8,2.941,1,1,0.865,1,,0.117,108.6,0.0,0.363,0.856,0.88,0.001,0.432,0.995,0.986
16.8,1,1,0.476,0.706,85.0,3.166,1,1,0.837,1,,0.148,106.0,0.0,0.331,0.822,0.793,0.001,0.406,0.996,0.985
17.28,1,1,0.431,0.706,87.0,3.027,1,1,0.92,1,,0.093,107.2,0.0,0.35,0.871,0.861,0.001,0.39,0.995,0.986
17.76,1,1,0.488,0.706,86.9,3.145,1,1,0.906,1,,0.052,105.8,0.0,0.332,0.812,0.791,0.001,0.375,0.996,0.985
18.24,1,1,0.446,0.706,86.3,3.5,1,1,0.945,1,,0.062,107.0,0.0,0.343,0.882,0.791,0.0,0.367,0.996,0.984
18.72,0,0,,,,,1,1,,,,,110.9,,,,,0.0,0.375,0.995,0.985
19.2,1,1,0.532,0.706,89.1,3.667,1,1,0.999,1,,0.079,116.2,0.0,0.436,0.878,0.861,0.001,0.395,0.995,0.985
19.68,1,1,0.465,0.706,69.1,2.332,1,1,1.0,1,,0.934,118.1,0.383,0.457,0.822,0.791,0.001,0.415,0.994,0.986
20.16,1,1,0.433,0.706,77.8,3.029,1,1,1.0,1,,0.414,115.2,0.004,0.423,0.801,0.891,0.001,0.419,0.994,0.987
20.64,2,1,0.445,0.706,77.2,2.96,1,1,0.945,1,,0.075,116.9,0.007,0.417,0.8,0.893,0.001,0.443,0.994,0.988
21.12,2,1,0.393,0.706,71.1,2.729,1,1,0.907,1,,0.093,119.7,0.009,0.429,0.788,0.936,0.001,0.476,0.995,0.988
21.6,2,1,0.595,0.765,68.1,2.453,1,1,0.719,1,,0.047,120.3,0.01,0.337,0.788,0.901,0.001,0.495,0.994,0.987
22.08,2,1,0.476,0.765,70.4,2.965,1,1,0.754,1,,0.021,123.6,0.004,0.342,0.793,0.815,0.001,0.458,0.995,0.987
22.56,1,1,0.861,0.706,73.4,2.538,1,1,0.672,1,,0.249,118.8,0.261,0.36,0.787,0.728,0.001,0.48,0.996,0.987
23.04,1,1,0.481,0.765,88.8,4.072,1,1,0.353,1,,0.338,106.2,0.125,0.155,0.897,0.491,0.001,0.372,0.993,0.984
23.52,2,1,0.568,0.824,89.1,4.552,1,1,0.635,1,,0.104,112.3,0.137,0.275,0.818,0.541,0.002,0.372,0.994,0.985
24.0,2,1,0.453,0.706,54.3,1.567,1,1,0.81,1,,0.847,121.7,0.41,0.346,0.77,0.753,0.002,0.423,0.994,0.986
24.48,1,1,0.47,0.765,72.1,3.099,1,1,0.819,1,,0.345,121.6,0.006,0.384,0.79,0.834,0.002,0.466,0.994,0.986
24.96,2,1,0.466,0.765,64.7,2.676,1,1,0.719,1,,0.037,118.0,0.007,0.344,0.744,0.833,0.002,0.481,0.995,0.986
25.44,1,1,0.601,0.588,,1.285,1,1,0.824,1,,1.661,118.1,0.465,0.408,0.806,0.88,0.002,0.491,0.996,0.988
25.92,1,1,0.465,0.765,70.5,2.036,1,1,0.957,1,,0.663,117.0,0.405,0.468,0.822,0.831,0.002,0.483,0.996,0.988
26.4,1,1,0.487,0.706,63.4,1.546,1,1,0.782,1,,0.233,116.5,0.433,0.39,0.81,0.824,0.002,0.485,0.997,0.989
26.88,1,1,0.403,0.706,71.3,2.217,1,1,0.923,1,,0.291,117.2,0.382,0.452,0.797,0.785,0.002,0.477,0.996,0.988
27.36,1,1,0.509,0.706,88.8,3.301,1,1,0.881,1,,0.461,114.0,0.0,0.407,0.878,0.88,0.002,0.462,0.996,0.987
27.84,0,0,,,,,1,1,,,,,108.9,,,,,0.001,0.435,0.996,0.987
28.32,1,1,0.382,0.706,86.8,3.673,1,1,0.83,1,,0.055,106.2,0.0,0.335,0.882,0.762,0.001,0.407,0.996,0.986
28.8,1,1,0.492,0.706,86.6,3.121,1,1,0.897,1,,0.041,106.8,0.0,0.341,0.872,0.838,0.001,0.392,0.996,0.985
29.28,1,1,0.511,0.706,85.2,3.234,1,1,0.911,1,,0.018,106.2,0.0,0.336,0.86,0.809,0.001,0.378,0.996,0.985
29.76,1,1,0.357,0.706,86.1,3.636,1,1,0.938,1,,0.041,106.5,0.0,0.34,0.881,0.771,0.001,0.366,0.996,0.984
30.24,1,1,0.376,0.765,74.6,2.578,1,1,0.992,1,,0.977,110.1,0.415,0.368,0.901,0.703,0.001,0.371,0.995,0.985
30.72,1,1,0.544,0.706,86.2,3.389,1,1,0.999,1,,0.592,115.4,0.0,0.419,0.884,0.883,0.001,0.391,0.995,0.985
31.2,1,1,0.448,0.824,74.9,2.347,1,1,1.0,1,,1.025,118.0,0.363,0.476,0.793,0.802,0.001,0.415,0.995,0.986
31.68,1,1,0.481,0.706,79.5,2.869,1,1,0.934,1,,0.383,115.6,0.009,0.4,0.807,0.894,0.001,0.433,0.995,0.986
32.16,1,1,0.692,0.588,,1.52,1,1,0.987,1,,1.812,116.8,0.465,0.442,0.819,0.855,0.002,0.447,0.996,0.987
32.64,1,1,0.66,0.706,44.8,1.276,1,1,0.911,1,,0.578,119.1,0.463,0.432,0.796,0.895,0.002,0.473,0.996,0.987
33.12,2,1,0.638,0.647,58.0,1.325,1,1,0.698,1,,0.659,119.4,0.422,0.351,0.765,0.812,0.001,0.49,0.995,0.988
33.6,2,1,0.54,0.765,70.8,3.137,1,1,0.652,1,,0.196,123.3,0.0,0.351,0.827,0.819,0.001,0.513,0.996,0.987
34.08,2,1,0.561,0.824,78.9,3.399,1,1,0.603,1,,0.107,120.7,0.008,0.356,0.795,0.768,0.001,0.52,0.996,0.987
34.56,1,1,0.391,0.824,68.7,1.809,1,1,0.691,1,,0.235,107.4,0.0,0.156,0.841,0.983,0.001,0.411,0.995,0.985
35.04,0,0,,,,,1,1,,,,,108.8,,,,,0.001,0.348,0.993,0.985
35.52,1,1,0.716,0.588,,1.809,1,1,0.891,1,,0.334,121.1,0.373,0.361,0.777,0.759,0.001,0.404,0.994,0.985
36.0,1,1,0.565,0.765,72.2,3.01,1,1,0.802,1,,0.584,122.9,0.001,0.363,0.783,0.825,0.001,0.454,0.994,0.985
36.48,2,1,0.382,0.765,69.9,2.502,1,1,0.76,1,,0.048,118.7,0.008,0.342,0.793,0.9,0.001,0.476,0.994,0.986
36.96,1,1,0.654,0.588,,1.286,1,1,0.863,1,,1.675,118.8,0.462,0.429,0.798,0.892,0.001,0.492,0.995,0.987
37.44,1,1,0.482,0.588,,1.685,1,1,0.93,1,,0.073,117.0,0.458,0.455,0.823,0.84,0.001,0.482,0.995,0.988
37.92,1,1,0.546,0.706,67.5,1.461,1,1,0.785,1,,0.768,116.0,0.438,0.392,0.794,0.825,0.001,0.485,0.996,0.989
38.4,1,1,0.495,0.765,72.7,2.456,1,1,0.968,1,,0.129,117.9,0.376,0.469,0.831,0.799,0.002,0.48,0.995,0.988
38.88,1,1,0.367,0.706,86.8,3.402,1,1,0.892,1,,0.479,115.0,0.0,0.418,0.884,0.88,0.001,0.467,0.995,0.987
39.36,1,1,0.445,0.706,85.4,3.005,1,1,0.866,1,,0.028,109.7,0.0,0.371,0.87,0.886,0.001,0.44,0.994,0.987
39.84,1,1,0.385,0.706,89.5,3.806,1,1,0.844,1,,0.138,106.4,0.0,0.345,0.893,0.762,0.001,0.409,0.995,0.986
40.32,1,1,0.739,0.765,65.4,1.639,1,1,1.0,1,,1.318,127.4,0.289,0.514,0.575,0.824,0.002,0.443,0.996,0.987
40.8,1,1,0.79,1.0,61.8,1.94,1,1,0.965,1,147.9,0.107,126.2,0.197,0.486,0.556,0.815,0.002,0.498,0.996,0.988
41.28,1,1,0.749,0.765,53.4,1.77,1,1,0.714,1,,0.45,125.2,0.21,0.444,0.508,0.744,0.002,0.53,0.997,0.989
41.76,1,1,0.554,0.882,58.5,1.4,1,1,0.733,1,,0.329,117.1,0.054,0.415,0.493,0.972,0.002,0.564,0.997,0.989
42.24,1,1,0.769,1.0,45.1,1.451,1,1,0.762,1,157.5,0.388,126.4,0.14,0.479,0.555,0.988,0.004,0.6,0.997,0.991
42.72,1,1,0.939,1.0,40.9,1.643,1,1,0.694,1,152.0,0.111,126.5,0.006,0.455,0.51,1.0,0.007,0.614,0.996,0.993
43.2,1,1,0.938,1.0,27.1,1.532,1,0,0.663,1,138.8,0.072,126.1,0.005,0.428,0.496,0.998,0.007,0.614,0.996,0.993
43.68,1,1,0.899,0.941,15.2,1.392,1,0,0.638,1,119.5,0.012,127.8,0.011,0.406,0.476,1.0,0.007,0.614,0.996,0.993
44.16,1,1,0.935,0.824,12.3,1.082,1,1,0.617,1,,0.146,129.5,0.072,0.407,0.431,0.996,0.012,0.629,0.996,0.993
44.64,1,1,0.94,0.824,6.1,1.088,1,1,0.598,1,,0.022,129.3,0.078,0.406,0.439,0.994,0.021,0.64,0.994,0.992
45.12,1,1,0.911,0.882,4.9,1.127,1,1,0.578,1,,0.024,130.4,0.089,0.405,0.461,0.992,0.026,0.653,0.994,0.992
45.6,1,1,0.91,1.0,8.2,1.455,1,0,0.565,1,109.3,0.086,129.1,0.037,0.395,0.528,0.995,0.026,0.653,0.994,0.992
46.08,1,1,0.909,0.882,6.8,1.516,1,0,0.548,1,,0.032,128.0,0.024,0.378,0.551,0.996,0.026,0.653,0.994,0.992
46.56,1,1,0.923,0.882,8.4,1.19,1,0,0.495,1,113.2,0.081,128.7,0.075,0.31,0.533,0.995,0.026,0.653,0.994,0.992
47.04,1,1,0.912,0.882,9.6,0.829,1,1,0.379,1,136.5,0.091,129.0,0.072,0.14,0.469,0.991,0.036,0.668,0.995,0.992
47.52,1,1,0.924,0.882,11.0,0.911,1,1,0.348,1,,0.078,129.6,0.06,0.131,0.501,0.993,0.039,0.692,0.996,0.992
48.0,1,1,0.931,0.824,10.6,0.979,1,1,0.35,1,,0.034,129.5,0.066,0.15,0.529,0.991,0.046,0.697,0.996,0.992
48.48,1,1,0.929,0.882,13.1,1.015,1,1,0.354,1,66.7,0.021,129.7,0.07,0.171,0.538,0.991,0.052,0.701,0.997,0.992
48.96,1,1,0.928,0.882,13.5,0.98,1,0,0.357,1,52.2,0.022,130.8,0.076,0.177,0.525,0.992,0.052,0.701,0.997,0.992
49.44,1,1,0.924,0.824,14.1,0.947,1,0,0.357,1,,0.013,131.1,0.08,0.178,0.513,0.992,0.052,0.701,0.997,0.992
49.92,1,1,0.902,0.824,12.5,0.782,1,1,0.348,1,,0.028,131.9,0.075,0.177,0.433,0.992,0.062,0.708,0.995,0.992
50.4,1,1,0.919,0.765,13.5,0.96,1,0,0.367,1,,0.057,132.3,0.067,0.218,0.485,0.992,0.062,0.708,0.995,0.992
50.88,1,1,0.933,0.824,13.2,1.05,1,0,0.368,1,,0.044,131.4,0.061,0.222,0.517,0.993,0.062,0.708,0.995,0.992
51.36,1,1,0.927,0.765,9.2,1.549,1,0,0.464,1,,0.06,132.3,0.048,0.399,0.566,0.994,0.062,0.708,0.995,0.992
51.84,1,1,0.916,0.706,5.4,1.961,1,0,0.483,1,,0.007,132.6,0.026,0.441,0.637,0.995,0.062,0.708,0.995,0.992
52.32,1,1,0.922,0.824,3.8,1.108,1,0,0.362,1,,0.037,132.0,0.059,0.214,0.546,0.996,0.062,0.708,0.995,0.992
52.8,1,1,0.92,0.765,7.4,0.895,1,0,0.355,1,,0.118,132.0,0.058,0.202,0.457,0.994,0.062,0.708,0.995,0.992
53.28,1,1,0.929,0.706,9.3,0.9,1,0,0.357,1,,0.07,132.2,0.05,0.221,0.442,0.995,0.062,0.708,0.995,0.992
53.76,1,1,0.9,0.706,11.8,0.894,1,1,0.351,1,,0.077,132.4,0.052,0.212,0.445,0.993,0.054,0.717,0.993,0.992
54.24,1,1,0.924,0.706,17.5,0.937,1,1,0.351,1,,0.081,132.3,0.052,0.223,0.458,0.995,0.047,0.721,0.99,0.992
54.72,1,1,0.922,0.706,13.7,0.901,1,0,0.345,1,,0.093,132.4,0.055,0.21,0.452,0.995,0.047,0.721,0.99,0.992
55.2,1,1,0.922,0.882,13.9,1.287,1,0,0.395,1,,0.077,132.4,0.048,0.311,0.545,0.997,0.047,0.721,0.99,0.992
55.68,1,1,0.938,0.882,5.6,1.604,1,0,0.45,1,,0.121,134.4,0.0,0.452,0.492,0.997,0.047,0.721,0.99,0.992
56.16,1,1,0.945,0.824,0.7,1.273,1,1,0.464,1,,0.087,134.3,0.015,0.447,0.408,0.995,0.04,0.721,0.99,0.993
56.64,1,1,0.94,0.706,7.1,1.153,1,0,0.483,1,,0.045,134.7,0.034,0.445,0.392,0.997,0.04,0.721,0.99,0.993
57.12,1,1,0.799,0.706,1.1,1.463,1,1,0.0,0,28.5,1.687,109.1,0.256,0.005,0.713,0.56,0.028,0.579,0.992,0.991
57.6,1,1,0.932,0.706,1.1,1.436,1,1,0.245,1,12.9,0.321,108.1,0.213,0.01,0.76,0.686,0.021,0.521,0.994,0.99
58.08,1,1,0.908,0.941,4.3,1.294,1,1,0.42,1,30.1,0.464,117.5,0.223,0.0,0.917,0.954,0.026,0.554,0.995,0.989
58.56,1,1,0.905,0.941,0.3,1.112,1,0,0.439,1,21.4,0.31,136.0,0.275,0.0,0.895,0.992,0.026,0.554,0.995,0.989
59.04,1,1,0.937,0.588,,0.866,1,0,0.44,1,,1.048,141.6,0.296,0.001,0.777,0.988,0.026,0.554,0.995,0.989
59.52,1,1,0.905,0.647,,0.857,1,0,0.458,1,,0.047,144.4,0.312,0.039,0.771,0.99,0.026,0.554,0.995,0.989
60.0,1,1,0.931,0.647,,0.872,1,0,0.489,1,,0.168,146.0,0.287,0.102,0.724,0.993,0.026,0.554,0.995,0.989
60.48,1,1,0.925,0.588,,0.789,1,0,0.508,1,,0.207,145.8,0.268,0.137,0.649,0.995,0.026,0.554,0.995,0.989
60.96,1,1,0.909,0.588,,0.824,1,0,0.446,1,,0.168,146.2,0.206,0.014,0.659,0.991,0.026,0.554,0.995,0.989
61.44,1,1,0.938,0.588,,0.921,1,0,0.453,1,,0.125,146.2,0.216,0.03,0.714,0.99,0.026,0.554,0.995,0.989
61.92,1,1,0.924,0.647,,1.027,1,0,0.501,1,,0.218,146.8,0.26,0.122,0.761,0.991,0.026,0.554,0.995,0.989
62.4,1,1,0.884,0.647,,1.045,1,0,0.481,1,,0.274,146.6,0.313,0.085,0.846,0.99,0.026,0.554,0.995,0.989
62.88,1,1,0.894,0.647,,0.955,1,0,0.482,1,,0.044,146.4,0.348,0.09,0.833,0.993,0.026,0.554,0.995,0.989
63.36,1,1,0.919,0.647,,1.068,1,0,0.501,1,,0.117,145.8,0.302,0.124,0.823,0.992,0.026,0.554,0.995,0.989
63.84,1,1,0.925,0.647,,1.284,1,0,0.531,1,,0.065,146.0,0.255,0.173,0.847,0.994,0.026,0.554,0.995,0.989
64.32,1,1,0.929,0.412,,1.762,1,0,0.861,1,,0.378,149.7,0.297,0.492,0.798,0.998,0.026,0.554,0.995,0.989
64.8,1,1,0.932,0.412,,1.517,1,0,0.754,1,,0.104,147.6,0.313,0.419,0.806,0.997,0.026,0.554,0.995,0.989
65.28,1,1,0.849,0.941,12.9,1.919,1,0,0.615,1,79.4,0.475,138.0,0.027,0.292,0.791,1.0,0.026,0.554,0.995,0.989
65.76,1,1,0.806,0.941,0.4,1.515,1,1,0.456,1,58.2,0.159,127.5,0.06,0.146,0.786,0.999,0.033,0.602,0.996,0.99
66.24,1,1,0.846,0.882,6.7,1.397,1,1,0.392,1,97.4,0.285,123.2,0.069,0.0,0.823,0.96,0.029,0.584,0.997,0.989
66.72,2,1,0.587,0.765,3.8,1.398,1,1,0.338,1,,0.175,134.3,0.188,0.005,0.855,0.854,0.027,0.567,0.998,0.987
67.2,1,1,0.863,0.824,20.9,1.105,1,1,0.331,1,98.8,0.291,130.1,0.227,0.008,0.715,0.793,0.027,0.533,0.998,0.987
67.68,1,1,0.907,0.471,31.9,1.205,1,1,0.363,1,75.7,0.924,124.5,0.0,0.003,0.534,0.792,0.019,0.495,0.998,0.987
68.16,1,1,0.841,0.294,,0.921,1,1,0.377,0,,1.224,120.9,0.064,0.008,0.434,0.722,0.013,0.452,0.999,0.987
68.64,1,1,0.857,0.294,,0.915,1,1,0.421,0,,0.087,121.2,0.072,0.009,0.443,0.728,0.009,0.425,0.999,0.988
69.12,1,1,0.92,0.529,25.8,1.244,1,1,0.467,1,,0.97,125.8,0.0,0.002,0.555,0.794,0.006,0.419,0.999,0.987
69.6,1,1,0.865,0.824,17.4,1.078,1,1,0.465,1,86.7,0.953,130.3,0.238,0.008,0.717,0.798,0.029,0.431,0.999,0.988
70.08,2,1,0.655,0.706,7.2,0.96,1,1,0.362,1,,0.318,134.7,0.436,0.008,0.864,0.801,0.031,0.514,0.999,0.988
70.56,1,1,0.862,0.882,8.5,1.401,1,1,0.461,1,88.8,0.249,122.6,0.042,0.004,0.825,0.997,0.028,0.529,0.999,0.987
71.04,1,1,0.543,0.882,0.4,0.905,1,1,0.69,1,,1.279,145.7,0.597,0.392,0.897,0.983,0.02,0.575,0.96,0.989
71.52,1,1,0.879,0.882,19.0,1.257,1,1,0.603,1,,0.233,142.5,0.505,0.381,0.933,0.987,0.014,0.602,0.912,0.99
72.0,1,1,0.785,0.882,22.7,0.891,1,1,0.514,1,,0.131,142.3,0.558,0.305,0.902,0.991,0.01,0.622,0.887,0.99
72.48,2,1,0.363,0.824,14.8,0.826,1,1,0.658,1,,0.279,143.2,0.609,0.358,0.903,0.991,0.008,0.563,0.895,0.992
72.96,1,1,0.868,1.0,11.5,1.039,1,1,0.653,1,136.3,0.093,145.8,0.549,0.383,0.905,0.992,0.006,0.593,0.903,0.992
73.44,1,1,0.868,0.882,2.2,0.955,1,1,0.62,1,,0.095,146.2,0.592,0.392,0.914,0.991,0.004,0.619,0.913,0.992
73.92,1,1,0.918,1.0,2.9,0.993,1,1,0.556,1,150.9,0.06,144.5,0.57,0.378,0.913,0.992,0.003,0.633,0.896,0.993
74.4,1,1,0.896,0.941,14.6,0.918,1,1,0.514,1,110.6,0.123,142.8,0.595,0.372,0.914,0.991,0.002,0.64,0.884,0.993
74.88,1,1,0.916,0.941,13.9,0.742,1,1,0.535,1,118.0,0.037,140.2,0.648,0.371,0.907,0.991,0.001,0.6,0.868,0.992
75.36,1,1,0.844,0.765,6.5,0.866,1,1,0.502,1,,0.232,145.9,0.605,0.389,0.83,0.852,0.001,0.62,0.894,0.992
75.84,1,1,0.768,0.882,6.1,0.987,1,1,0.512,1,,0.037,146.6,0.567,0.395,0.841,0.888,0.001,0.636,0.91,0.992
76.32,2,1,0.761,0.941,10.9,1.045,1,1,0.566,1,119.6,0.095,144.5,0.552,0.381,0.911,0.992,0.0,0.646,0.918,0.992
76.8,1,1,0.875,0.882,14.7,0.967,1,1,0.552,1,112.6,0.08,145.2,0.581,0.38,0.914,0.992,0.0,0.652,0.911,0.993
77.28,1,1,0.856,0.941,9.6,0.924,1,1,0.552,1,103.1,0.066,146.1,0.597,0.387,0.911,0.991,0.0,0.658,0.915,0.992
77.76,1,1,0.832,0.765,7.4,0.847,1,1,0.33,1,,0.133,147.5,0.651,0.396,0.841,0.796,0.0,0.664,0.889,0.993
78.24,1,1,0.568,0.882,4.1,0.74,1,1,0.429,1,,0.087,146.7,0.602,0.384,0.808,0.88,0.0,0.667,0.867,0.994
78.72,1,1,0.722,0.882,3.8,0.814,1,1,0.381,1,,0.072,145.9,0.592,0.38,0.805,0.844,0.0,0.668,0.854,0.994
79.2,2,1,0.663,1.0,6.7,0.494,1,1,0.49,1,52.5,0.091,144.8,0.638,0.376,0.796,0.946,0.0,0.666,0.881,0.993
79.68,2,1,0.614,1.0,9.4,0.822,1,1,0.456,1,160.5,0.03,144.0,0.621,0.365,0.911,0.994,0.001,0.665,0.874,0.994
80.16,1,1,0.887,1.0,9.1,0.895,1,1,0.492,1,150.9,0.049,144.2,0.603,0.373,0.915,0.993,0.0,0.665,0.894,0.993
80.64,1,1,0.9,0.882,10.8,0.887,1,1,0.507,1,,0.073,143.3,0.608,0.37,0.919,0.994,0.0,0.664,0.906,0.993
81.12,1,1,0.835,0.941,8.0,0.825,1,1,0.519,1,122.0,0.053,143.8,0.634,0.367,0.924,0.993,0.0,0.662,0.919,0.993
81.6,1,1,0.901,0.941,2.7,0.95,1,1,0.506,1,107.4,0.051,143.5,0.589,0.371,0.922,0.994,0.0,0.662,0.907,0.993
82.08,1,1,0.672,0.824,9.8,0.76,1,1,0.476,1,,0.107,144.6,0.653,0.377,0.917,0.994,0.0,0.663,0.887,0.994
82.56,1,1,0.86,0.941,0.2,0.916,1,1,0.471,1,92.9,0.123,144.7,0.604,0.38,0.921,0.994,0.0,0.664,0.882,0.994
83.04,1,1,0.721,0.882,7.3,0.861,1,1,0.455,1,,0.085,144.2,0.612,0.365,0.916,0.994,0.0,0.665,0.876,0.994
83.52,1,1,0.742,0.882,12.1,0.825,1,1,0.442,1,,0.053,143.8,0.621,0.356,0.915,0.99,0.0,0.663,0.873,0.994
84.0,1,1,0.909,0.882,6.6,0.857,1,1,0.426,1,,0.084,143.9,0.615,0.365,0.918,0.993,0.0,0.664,0.862,0.994
84.48,1,1,0.913,0.882,8.5,0.97,1,1,0.434,1,,0.094,144.8,0.59,0.384,0.921,0.991,0.0,0.667,0.859,0.994
84.96,1,1,0.919,0.882,11.1,0.962,1,1,0.424,1,,0.033,143.9,0.585,0.373,0.921,0.994,0.0,0.667,0.855,0.994
85.44,1,1,0.852,0.882,12.3,0.916,1,1,0.427,1,,0.035,143.5,0.593,0.368,0.916,0.994,0.0,0.665,0.856,0.994
85.92,1,1,0.815,0.765,4.0,0.705,1,1,0.501,1,,0.357,141.8,0.586,0.351,0.833,0.973,0.001,0.661,0.856,0.994
86.4,1,1,0.645,0.765,2.4,0.777,1,1,0.517,1,,0.074,140.9,0.569,0.349,0.848,0.985,0.001,0.656,0.855,0.994
86.88,2,1,0.554,0.765,1.1,0.553,1,1,0.559,1,,0.285,137.0,0.705,0.352,0.902,0.988,0.003,0.575,0.875,0.995
87.36,1,1,0.9,0.882,1.0,0.802,1,1,0.498,1,,0.046,143.8,0.628,0.358,0.913,0.991,0.002,0.603,0.86,0.995
87.84,1,1,0.904,1.0,2.3,0.926,1,1,0.497,1,128.2,0.025,143.0,0.588,0.374,0.91,0.991,0.002,0.621,0.854,0.994
88.32,1,1,0.916,0.941,1.7,0.84,1,1,0.45,1,124.9,0.091,142.1,0.619,0.368,0.913,0.99,0.001,0.63,0.848,0.995
88.8,1,1,0.903,0.824,0.5,0.813,1,1,0.454,1,,0.034,142.8,0.634,0.383,0.913,0.993,0.001,0.639,0.853,0.995
89.28,2,1,0.666,0.941,6.8,0.878,1,1,0.475,1,135.4,0.045,142.6,0.626,0.398,0.918,0.989,0.001,0.647,0.866,0.995
89.76,2,1,0.646,0.824,7.5,0.88,1,1,0.47,1,,0.034,142.4,0.623,0.4,0.915,0.99,0.0,0.651,0.862,0.995
90.24,1,1,0.853,0.882,5.1,0.892,1,1,0.477,1,,0.029,143.1,0.617,0.402,0.912,0.991,0.0,0.653,0.862,0.995
90.72,1,1,0.802,0.706,0.9,1.466,1,1,0.051,0,28.3,1.408,109.0,0.255,0.005,0.713,0.56,0.0,0.532,0.903,0.993
91.2,1,1,0.932,0.706,1.1,1.436,1,1,0.294,1,12.9,0.321,108.1,0.213,0.01,0.76,0.686,0.002,0.487,0.932,0.991
91.68,1,1,0.908,0.941,4.3,1.294,1,1,0.444,1,30.1,0.464,117.5,0.223,0.0,0.917,0.954,0.012,0.53,0.952,0.99
92.16,1,1,0.905,0.941,0.3,1.112,1,0,0.463,1,21.4,0.31,136.0,0.275,0.0,0.895,0.992,0.012,0.53,0.952,0.99
92.64,1,1,0.937,0.588,,0.866,1,0,0.464,1,,1.048,141.6,0.296,0.001,0.777,0.988,0.012,0.53,0.952,0.99
93.12,1,1,0.905,0.647,,0.857,1,0,0.483,1,,0.047,144.4,0.312,0.039,0.771,0.99,0.012,0.53,0.952,0.99
93.6,1,1,0.931,0.647,,0.872,1,0,0.516,1,,0.168,146.0,0.287,0.102,0.724,0.993,0.012,0.53,0.952,0.99
94.08,1,1,0.925,0.588,,0.789,1,0,0.536,1,,0.207,145.8,0.268,0.137,0.649,0.995,0.012,0.53,0.952,0.99
94.56,1,1,0.909,0.588,,0.824,1,0,0.47,1,,0.168,146.2,0.206,0.014,0.659,0.991,0.012,0.53,0.952,0.99
95.04,1,1,0.938,0.588,,0.921,1,0,0.478,1,,0.125,146.2,0.216,0.03,0.714,0.99,0.012,0.53,0.952,0.99
95.52,1,1,0.924,0.647,,1.027,1,0,0.529,1,,0.218,146.8,0.26,0.122,0.761,0.991,0.012,0.53,0.952,0.99
96.0,1,1,0.884,0.647,,1.045,1,0,0.507,1,,0.274,146.6,0.313,0.085,0.846,0.99,0.012,0.53,0.952,0.99
96.48,1,1,0.894,0.647,,0.955,1,0,0.509,1,,0.044,146.4,0.348,0.09,0.833,0.993,0.012,0.53,0.952,0.99
96.96,1,1,0.919,0.647,,1.068,1,0,0.529,1,,0.117,145.8,0.302,0.124,0.823,0.992,0.012,0.53,0.952,0.99
97.44,1,1,0.925,0.647,,1.284,1,0,0.56,1,,0.065,146.0,0.255,0.173,0.847,0.994,0.012,0.53,0.952,0.99
97.92,1,1,0.929,0.412,,1.762,1,0,0.909,1,,0.378,149.7,0.297,0.492,0.798,0.998,0.012,0.53,0.952,0.99
98.4,1,1,0.932,0.412,,1.517,1,0,0.796,1,,0.104,147.6,0.313,0.419,0.806,0.997,0.012,0.53,0.952,0.99
98.88,1,1,0.849,0.941,12.9,1.919,1,0,0.649,1,79.4,0.475,138.0,0.027,0.292,0.791,1.0,0.012,0.53,0.952,0.99
99.36,1,1,0.806,0.941,0.4,1.515,1,1,0.475,1,58.2,0.159,127.5,0.06,0.146,0.786,0.999,0.023,0.586,0.965,0.991
99.84,1,1,0.846,0.882,6.7,1.397,1,1,0.404,1,97.4,0.285,123.2,0.069,0.0,0.823,0.96,0.023,0.572,0.975,0.989
100.32,2,1,0.587,0.765,3.8,1.398,1,1,0.348,1,,0.175,134.3,0.188,0.005,0.855,0.854,0.023,0.559,0.983,0.987
100.8,1,1,0.863,0.824,20.9,1.105,1,1,0.338,1,98.8,0.291,130.1,0.227,0.008,0.715,0.793,0.024,0.528,0.987,0.987
101.28,1,1,0.907,0.471,31.9,1.205,1,1,0.37,1,75.7,0.924,124.5,0.0,0.003,0.534,0.792,0.016,0.491,0.991,0.987
101.76,1,1,0.841,0.294,,0.921,1,1,0.381,0,,1.224,120.9,0.064,0.008,0.434,0.722,0.012,0.45,0.994,0.988
102.24,1,1,0.86,0.235,,1.063,1,1,0.408,1,,0.9,120.6,0.001,0.006,0.423,0.713,0.008,0.42,0.995,0.988
102.72,0,0,,,,,1,1,,,,,117.5,,,,,0.006,0.391,0.996,0.989
103.2,1,1,0.919,0.353,6.7,0.296,1,1,0.335,0,,0.353,123.7,0.0,0.0,0.165,0.994,0.064,0.445,0.997,0.988
103.68,1,1,0.941,0.706,1.0,0.408,1,1,0.268,1,160.6,0.209,123.1,0.0,0.0,0.227,0.988,0.108,0.485,0.998,0.988
104.16,1,1,0.943,0.647,4.9,0.436,1,1,0.201,0,,0.081,123.8,0.0,0.003,0.242,0.989,0.139,0.517,0.998,0.986
104.64,1,1,0.945,0.706,3.1,0.412,1,1,0.122,0,155.1,0.1,125.5,0.0,0.005,0.229,0.991,0.166,0.55,0.999,0.985
105.12,1,1,0.936,0.647,10.7,0.442,1,1,0.098,0,,0.112,127.7,0.0,0.006,0.245,0.991,0.187,0.577,0.999,0.986
105.6,1,1,0.94,0.706,4.6,0.461,1,1,0.094,0,167.4,0.082,126.7,0.006,0.005,0.261,0.99,0.201,0.594,0.999,0.986
106.08,1,1,0.941,0.647,4.3,0.441,1,1,0.13,0,,0.138,126.0,0.044,0.004,0.288,0.989,0.207,0.595,0.999,0.983
106.56,1,1,0.929,0.824,2.6,0.391,1,1,0.125,0,172.0,0.093,125.5,0.059,0.005,0.275,0.988,0.208,0.59,0.997,0.985
107.04,1,1,0.909,0.706,4.4,0.338,1,1,0.095,0,159.0,0.1,124.3,0.066,0.005,0.253,0.989,0.209,0.588,0.998,0.985
107.52,1,1,0.922,0.765,2.1,0.385,1,1,0.121,0,172.9,0.099,125.4,0.059,0.005,0.272,0.989,0.209,0.585,0.997,0.986
108.0,1,1,0.939,0.765,4.8,0.437,1,1,0.125,0,171.7,0.08,125.8,0.046,0.005,0.288,0.99,0.213,0.587,0.998,0.984
108.48,1,1,0.938,0.706,4.0,0.45,1,1,0.066,0,168.2,0.152,126.4,0.013,0.006,0.262,0.989,0.22,0.601,0.998,0.984
108.96,1,1,0.933,0.647,11.1,0.444,1,1,0.033,0,,0.086,127.7,0.0,0.006,0.246,0.991,0.224,0.613,0.998,0.985
109.44,1,1,0.943,0.706,3.8,0.409,1,1,0.001,0,155.1,0.108,125.7,0.0,0.005,0.227,0.991,0.226,0.618,0.999,0.985
109.92,1,1,0.943,0.706,5.0,0.433,1,1,0.023,0,168.3,0.102,123.8,0.0,0.005,0.239,0.989,0.225,0.611,0.999,0.983
110.4,1,1,0.946,0.706,0.1,0.42,1,1,0.025,0,161.6,0.102,123.3,0.0,0.0,0.234,0.991,0.219,0.602,0.999,0.983
110.88,1,1,0.92,0.353,7.4,0.298,1,1,0.0,0,,0.216,123.7,0.0,0.0,0.167,0.994,0.213,0.593,0.999,0.984
111.36,1,1,0.932,0.412,15.9,0.348,1,1,0.0,0,,0.056,122.2,0.0,0.0,0.194,0.99,0.213,0.588,0.998,0.985
111.84,1,1,0.95,0.647,3.4,0.46,1,1,0.07,0,,0.208,123.6,0.0,0.0,0.257,0.99,0.212,0.588,0.998,0.984
112.32,1,1,0.941,0.647,4.2,0.421,1,1,0.032,0,,0.073,124.7,0.001,0.006,0.234,0.991,0.215,0.597,0.998,0.983
112.8,1,1,0.94,0.706,7.5,0.427,1,1,0.025,0,160.1,0.013,127.2,0.0,0.004,0.237,0.991,0.221,0.609,0.999,0.984
113.28,1,1,0.942,0.647,9.5,0.467,1,1,0.047,0,,0.083,127.5,0.0,0.009,0.258,0.991,0.225,0.618,0.999,0.985
113.76,1,1,0.944,0.706,3.0,0.444,1,1,0.079,0,170.8,0.129,126.5,0.029,0.004,0.275,0.989,0.223,0.618,0.999,0.984
114.24,1,1,0.94,0.882,3.3,0.419,1,1,0.111,0,169.0,0.095,125.6,0.053,0.005,0.284,0.987,0.218,0.607,0.999,0.983
114.72,1,1,0.928,0.882,0.1,0.361,1,1,0.084,0,172.8,0.055,124.0,0.058,0.006,0.258,0.991,0.215,0.598,0.999,0.984
115.2,1,1,0.932,0.882,0.6,0.371,1,1,0.095,0,172.3,0.049,124.6,0.055,0.004,0.261,0.992,0.212,0.592,0.999,0.985
115.68,1,1,0.936,0.765,4.2,0.432,1,1,0.132,0,171.6,0.058,125.3,0.05,0.005,0.289,0.989,0.211,0.59,0.999,0.985
116.16,1,1,0.936,0.765,3.6,0.444,1,1,0.085,0,173.3,0.069,126.7,0.024,0.004,0.27,0.99,0.216,0.6,0.999,0.984
116.64,1,1,0.939,0.647,11.7,0.461,1,1,0.049,0,,0.13,127.9,0.0,0.01,0.255,0.991,0.222,0.613,0.999,0.985
117.12,1,1,0.943,0.706,6.2,0.411,1,1,0.006,0,154.5,0.077,126.4,0.0,0.002,0.229,0.99,0.225,0.619,0.999,0.986
117.6,1,1,0.938,0.765,3.8,0.423,1,1,0.016,0,166.8,0.041,124.1,0.0,0.007,0.235,0.991,0.224,0.616,0.998,0.985
118.08,1,1,0.949,0.706,2.4,0.46,1,1,0.055,0,166.0,0.062,123.3,0.0,0.0,0.256,0.991,0.22,0.607,0.998,0.985
118.56,1,1,0.923,0.412,12.9,0.309,1,1,0.0,0,,0.24,122.9,0.0,0.0,0.173,0.994,0.215,0.597,0.998,0.986
119.04,1,1,0.922,0.412,12.5,0.304,1,1,0.0,0,,0.022,123.1,0.0,0.0,0.169,0.992,0.212,0.589,0.998,0.986
119.52,1,1,0.946,0.706,2.4,0.455,1,1,0.067,0,166.2,0.254,123.4,0.0,0.0,0.253,0.991,0.211,0.588,0.999,0.985
120.0,1,1,0.94,0.765,4.1,0.424,1,1,0.036,0,170.4,0.073,124.1,0.0,0.008,0.234,0.989,0.213,0.593,0.999,0.985
120.48,1,1,0.943,0.706,5.6,0.409,1,1,0.014,0,153.2,0.055,126.1,0.0,0.002,0.227,0.989,0.219,0.605,0.999,0.985
120.96,1,1,0.935,0.647,11.6,0.457,1,1,0.043,0,,0.074,127.9,0.0,0.008,0.253,0.991,0.224,0.616,0.999,0.986
121.44,1,1,0.935,0.765,2.4,0.446,1,1,0.065,0,171.0,0.079,126.7,0.022,0.006,0.269,0.991,0.226,0.619,0.999,0.986
121.92,1,1,0.938,0.765,5.1,0.432,1,1,0.109,0,170.9,0.129,125.4,0.05,0.005,0.289,0.99,0.221,0.609,0.999,0.985
122.4,1,1,0.93,0.824,0.8,0.372,1,1,0.088,0,172.7,0.065,124.9,0.056,0.005,0.263,0.993,0.216,0.6,0.999,0.985
122.88,1,1,0.928,0.882,0.6,0.354,1,1,0.087,0,172.7,0.065,124.0,0.061,0.005,0.257,0.99,0.214,0.594,0.999,0.985
123.36,1,1,0.939,0.882,3.1,0.411,1,1,0.123,0,169.9,0.076,125.6,0.054,0.005,0.281,0.987,0.212,0.59,0.999,0.984
123.84,1,1,0.944,0.647,3.1,0.441,1,1,0.105,0,,0.115,126.4,0.034,0.004,0.278,0.99,0.213,0.596,0.999,0.983
124.32,1,1,0.942,0.706,7.5,0.47,1,1,0.059,0,169.0,0.126,127.4,0.0,0.008,0.26,0.991,0.219,0.609,0.999,0.984
124.8,1,1,0.938,0.647,9.6,0.433,1,1,0.023,0,,0.065,127.4,0.0,0.006,0.239,0.991,0.225,0.618,0.999,0.985
125.28,1,1,0.941,0.706,4.0,0.418,1,1,0.013,0,167.6,0.038,124.9,0.002,0.007,0.233,0.99,0.225,0.619,0.999,0.984
125.76,1,1,0.949,0.647,3.0,0.457,1,1,0.047,0,,0.06,123.6,0.0,0.0,0.255,0.99,0.223,0.609,0.999,0.983
126.24,1,1,0.933,0.471,16.9,0.36,1,1,0.0,0,,0.191,121.9,0.0,0.0,0.201,0.989,0.219,0.599,0.999,0.983
126.72,1,1,0.919,0.353,6.7,0.296,1,1,0.0,0,,0.091,123.7,0.0,0.0,0.165,0.994,0.213,0.591,0.999,0.984
127.2,1,1,0.941,0.706,1.0,0.408,1,1,0.027,0,160.6,0.209,123.1,0.0,0.0,0.227,0.988,0.212,0.587,0.999,0.985
127.68,1,1,0.943,0.647,4.9,0.436,1,1,0.049,0,,0.081,123.8,0.0,0.003,0.242,0.989,0.213,0.589,0.999,0.984
128.16,1,1,0.945,0.706,3.1,0.412,1,1,0.02,0,155.1,0.1,125.5,0.0,0.005,0.229,0.991,0.217,0.6,0.999,0.984
128.64,1,1,0.936,0.647,10.7,0.442,1,1,0.034,0,,0.112,127.7,0.0,0.006,0.245,0.991,0.223,0.612,0.999,0.985
129.12,1,1,0.94,0.706,4.6,0.461,1,1,0.051,0,167.4,0.082,126.7,0.006,0.005,0.261,0.99,0.226,0.618,0.999,0.986
129.6,1,1,0.941,0.647,4.3,0.441,1,1,0.097,0,,0.138,126.0,0.044,0.004,0.288,0.989,0.225,0.612,0.999,0.983
130.08,1,1,0.929,0.824,2.6,0.391,1,1,0.099,0,172.0,0.093,125.5,0.059,0.005,0.275,0.988,0.22,0.602,0.998,0.984
130.56,1,1,0.909,0.706,4.4,0.338,1,1,0.075,0,159.0,0.1,124.3,0.066,0.005,0.253,0.989,0.218,0.597,0.998,0.985
131.04,1,1,0.922,0.765,2.1,0.385,1,1,0.108,0,172.9,0.099,125.4,0.059,0.005,0.272,0.989,0.215,0.591,0.997,0.986
131.52,1,1,0.939,0.765,4.8,0.437,1,1,0.117,0,171.7,0.08,125.8,0.046,0.005,0.288,0.99,0.217,0.592,0.998,0.983
132.0,1,1,0.938,0.706,4.0,0.45,1,1,0.061,0,168.2,0.152,126.4,0.013,0.006,0.262,0.989,0.222,0.604,0.998,0.984
132.48,1,1,0.933,0.647,11.1,0.444,1,1,0.03,0,,0.086,127.7,0.0,0.006,0.246,0.991,0.226,0.615,0.998,0.985
132.96,1,1,0.943,0.706,3.8,0.409,1,1,0.0,0,155.1,0.108,125.7,0.0,0.005,0.227,0.991,0.228,0.619,0.999,0.985
133.44,1,1,0.943,0.706,5.0,0.433,1,1,0.022,0,168.3,0.102,123.8,0.0,0.005,0.239,0.989,0.226,0.612,0.999,0.983
133.92,1,1,0.946,0.706,0.1,0.42,1,1,0.024,0,161.6,0.102,123.3,0.0,0.0,0.234,0.991,0.22,0.603,0.999,0.983
134.4,1,1,0.92,0.353,7.4,0.298,1,1,0.0,0,,0.216,123.7,0.0,0.0,0.167,0.994,0.214,0.593,0.999,0.984
134.88,1,1,0.932,0.412,15.9,0.348,1,1,0.0,0,,0.056,122.2,0.0,0.0,0.194,0.99,0.213,0.588,0.998,0.984
135.36,1,1,0.95,0.647,3.4,0.46,1,1,0.07,0,,0.208,123.6,0.0,0.0,0.257,0.99,0.212,0.588,0.998,0.984
135.84,1,1,0.941,0.647,4.2,0.421,1,1,0.032,0,,0.073,124.7,0.001,0.006,0.234,0.991,0.215,0.597,0.998,0.983
136.32,1,1,0.94,0.706,7.5,0.427,1,1,0.025,0,160.1,0.013,127.2,0.0,0.004,0.237,0.991,0.221,0.61,0.999,0.984
136.8,1,1,0.942,0.647,9.5,0.467,1,1,0.047,0,,0.083,127.5,0.0,0.009,0.258,0.991,0.226,0.618,0.999,0.985
137.28,1,1,0.944,0.706,3.0,0.444,1,1,0.079,0,170.8,0.129,126.5,0.029,0.004,0.275,0.989,0.223,0.618,0.999,0.984
137.76,1,1,0.94,0.882,3.3,0.419,1,1,0.11,0,169.0,0.095,125.6,0.053,0.005,0.284,0.987,0.218,0.607,0.999,0.983
138.24,1,1,0.928,0.882,0.1,0.361,1,1,0.084,0,172.8,0.055,124.0,0.058,0.006,0.258,0.991,0.215,0.599,0.999,0.984
138.72,1,1,0.932,0.882,0.6,0.371,1,1,0.095,0,172.3,0.049,124.6,0.055,0.004,0.261,0.992,0.212,0.592,0.999,0.985
139.2,1,1,0.936,0.765,4.2,0.432,1,1,0.132,0,171.6,0.058,125.3,0.05,0.005,0.289,0.989,0.211,0.59,0.999,0.985
139.68,1,1,0.936,0.765,3.6,0.444,1,1,0.085,0,173.3,0.069,126.7,0.024,0.004,0.27,0.99,0.216,0.6,0.999,0.984
140.16,1,1,0.939,0.647,11.7,0.461,1,1,0.049,0,,0.13,127.9,0.0,0.01,0.255,0.991,0.222,0.613,0.999,0.985
140.64,1,1,0.943,0.706,6.2,0.411,1,1,0.006,0,154.5,0.077,126.4,0.0,0.002,0.229,0.99,0.225,0.619,0.999,0.986
141.12,1,1,0.938,0.765,3.8,0.423,1,1,0.016,0,166.8,0.041,124.1,0.0,0.007,0.235,0.991,0.224,0.616,0.998,0.985
141.6,1,1,0.949,0.706,2.4,0.46,1,1,0.055,0,166.0,0.062,123.3,0.0,0.0,0.256,0.991,0.22,0.607,0.998,0.985
142.08,1,1,0.923,0.412,12.9,0.309,1,1,0.0,0,,0.24,122.9,0.0,0.0,0.173,0.994,0.215,0.597,0.998,0.986
142.56,1,1,0.922,0.412,12.5,0.304,1,1,0.0,0,,0.022,123.1,0.0,0.0,0.169,0.992,0.212,0.589,0.998,0.986
143.04,1,1,0.946,0.706,2.4,0.455,1,1,0.067,0,166.2,0.254,123.4,0.0,0.0,0.253,0.991,0.211,0.588,0.999,0.985
143.52,1,1,0.94,0.765,4.1,0.424,1,1,0.036,0,170.4,0.073,124.1,0.0,0.008,0.234,0.989,0.213,0.593,0.999,0.985
144.0,1,1,0.943,0.706,5.6,0.409,1,1,0.014,0,153.2,0.055,126.1,0.0,0.002,0.227,0.989,0.219,0.605,0.999,0.985
144.48,1,1,0.935,0.647,11.6,0.457,1,1,0.043,0,,0.074,127.9,0.0,0.008,0.253,0.991,0.224,0.616,0.999,0.986
144.96,1,1,0.935,0.765,2.4,0.446,1,1,0.065,0,171.0,0.079,126.7,0.022,0.006,0.269,0.991,0.226,0.619,0.999,0.986
145.44,1,1,0.938,0.765,5.1,0.432,1,1,0.109,0,170.9,0.129,125.4,0.05,0.005,0.289,0.99,0.221,0.609,0.999,0.985
145.92,1,1,0.93,0.824,0.8,0.372,1,1,0.088,0,172.7,0.065,124.9,0.056,0.005,0.263,0.993,0.216,0.6,0.999,0.985
146.4,1,1,0.928,0.882,0.6,0.354,1,1,0.087,0,172.7,0.065,124.0,0.061,0.005,0.257,0.99,0.214,0.594,0.999,0.985
146.88,1,1,0.939,0.882,3.1,0.411,1,1,0.123,0,169.9,0.076,125.6,0.054,0.005,0.281,0.987,0.212,0.59,0.999,0.984
147.36,1,1,0.944,0.647,3.1,0.441,1,1,0.105,0,,0.115,126.4,0.034,0.004,0.278,0.99,0.213,0.596,0.999,0.983
147.84,1,1,0.942,0.706,7.5,0.47,1,1,0.059,0,169.0,0.126,127.4,0.0,0.008,0.26,0.991,0.219,0.609,0.999,0.984
148.32,1,1,0.938,0.647,9.6,0.433,1,1,0.023,0,,0.065,127.4,0.0,0.006,0.239,0.991,0.225,0.618,0.999,0.985
148.8,1,1,0.941,0.706,4.0,0.418,1,1,0.013,0,167.6,0.038,124.9,0.002,0.007,0.233,0.99,0.225,0.619,0.999,0.984
149.28,1,1,0.949,0.647,3.0,0.457,1,1,0.047,0,,0.06,123.6,0.0,0.0,0.255,0.99,0.223,0.609,0.999,0.983
149.76,1,1,0.933,0.471,16.9,0.36,1,1,0.0,0,,0.191,121.9,0.0,0.0,0.201,0.989,0.219,0.599,0.999,0.983
150.24,1,1,0.919,0.353,6.7,0.296,1,1,0.0,0,,0.091,123.7,0.0,0.0,0.165,0.994,0.213,0.591,0.999,0.984
150.72,1,1,0.941,0.706,1.0,0.408,1,1,0.027,0,160.6,0.209,123.1,0.0,0.0,0.227,0.988,0.212,0.587,0.999,0.985
151.2,1,1,0.943,0.647,4.9,0.436,1,1,0.049,0,,0.081,123.8,0.0,0.003,0.242,0.989,0.213,0.589,0.999,0.984
151.68,1,1,0.945,0.706,3.1,0.412,1,1,0.02,0,155.1,0.1,125.5,0.0,0.005,0.229,0.991,0.217,0.6,0.999,0.984
152.16,1,1,0.936,0.647,10.7,0.442,1,1,0.034,0,,0.112,127.7,0.0,0.006,0.245,0.991,0.223,0.612,0.999,0.985
152.64,1,1,0.94,0.706,4.6,0.461,1,1,0.051,0,167.4,0.082,126.7,0.006,0.005,0.261,0.99,0.226,0.618,0.999,0.986
153.12,1,1,0.941,0.647,4.3,0.441,1,1,0.097,0,,0.138,126.0,0.044,0.004,0.288,0.989,0.225,0.612,0.999,0.983
153.6,1,1,0.929,0.824,2.6,0.391,1,1,0.099,0,172.0,0.093,125.5,0.059,0.005,0.275,0.988,0.22,0.602,0.998,0.984
154.08,1,1,0.909,0.706,4.4,0.338,1,1,0.075,0,159.0,0.1,124.3,0.066,0.005,0.253,0.989,0.218,0.597,0.998,0.985
154.56,1,1,0.922,0.765,2.1,0.385,1,1,0.108,0,172.9,0.099,125.4,0.059,0.005,0.272,0.989,0.215,0.591,0.997,0.986
155.04,1,1,0.939,0.765,4.8,0.437,1,1,0.117,0,171.7,0.08,125.8,0.046,0.005,0.288,0.99,0.217,0.592,0.998,0.983
155.52,1,1,0.938,0.706,4.0,0.45,1,1,0.061,0,168.2,0.152,126.4,0.013,0.006,0.262,0.989,0.222,0.604,0.998,0.984
156.0,1,1,0.933,0.647,11.1,0.444,1,1,0.03,0,,0.086,127.7,0.0,0.006,0.246,0.991,0.226,0.615,0.998,0.985
156.48,1,1,0.943,0.706,3.8,0.409,1,1,0.0,0,155.1,0.108,125.7,0.0,0.005,0.227,0.991,0.228,0.619,0.999,0.985
156.96,1,1,0.943,0.706,5.0,0.433,1,1,0.022,0,168.3,0.102,123.8,0.0,0.005,0.239,0.989,0.226,0.612,0.999,0.983
157.44,1,1,0.946,0.706,0.1,0.42,1,1,0.024,0,161.6,0.102,123.3,0.0,0.0,0.234,0.991,0.22,0.603,0.999,0.983
157.92,1,1,0.92,0.353,7.4,0.298,1,1,0.0,0,,0.216,123.7,0.0,0.0,0.167,0.994,0.214,0.593,0.999,0.984
158.4,1,1,0.932,0.412,15.9,0.348,1,1,0.0,0,,0.056,122.2,0.0,0.0,0.194,0.99,0.213,0.588,0.998,0.984
158.88,1,1,0.95,0.647,3.4,0.46,1,1,0.07,0,,0.208,123.6,0.0,0.0,0.257,0.99,0.212,0.588,0.998,0.984
159.36,1,1,0.941,0.647,4.2,0.421,1,1,0.032,0,,0.073,124.7,0.001,0.006,0.234,0.991,0.215,0.597,0.998,0.983
159.84,1,1,0.94,0.706,7.5,0.427,1,1,0.025,0,160.1,0.013,127.2,0.0,0.004,0.237,0.991,0.221,0.61,0.999,0.984
160.32,1,1,0.942,0.647,9.5,0.467,1,1,0.047,0,,0.083,127.5,0.0,0.009,0.258,0.991,0.226,0.618,0.999,0.985
160.8,1,1,0.944,0.706,3.0,0.444,1,1,0.079,0,170.8,0.129,126.5,0.029,0.004,0.275,0.989,0.223,0.618,0.999,0.984
161.28,1,1,0.94,0.882,3.3,0.419,1,1,0.11,0,169.0,0.095,125.6,0.053,0.005,0.284,0.987,0.218,0.607,0.999,0.983
161.76,1,1,0.928,0.882,0.1,0.361,1,1,0.084,0,172.8,0.055,124.0,0.058,0.006,0.258,0.991,0.215,0.599,0.999,0.984
162.24,1,1,0.932,0.882,0.6,0.371,1,1,0.095,0,172.3,0.049,124.6,0.055,0.004,0.261,0.992,0.212,0.592,0.999,0.985
162.72,1,1,0.936,0.765,4.2,0.432,1,1,0.132,0,171.6,0.058,125.3,0.05,0.005,0.289,0.989,0.211,0.59,0.999,0.985
163.2,1,1,0.936,0.765,3.6,0.444,1,1,0.085,0,173.3,0.069,126.7,0.024,0.004,0.27,0.99,0.216,0.6,0.999,0.984
163.68,1,1,0.939,0.647,11.7,0.461,1,1,0.049,0,,0.13,127.9,0.0,0.01,0.255,0.991,0.222,0.613,0.999,0.985
164.16,1,1,0.943,0.706,6.2,0.411,1,1,0.006,0,154.5,0.077,126.4,0.0,0.002,0.229,0.99,0.225,0.619,0.999,0.986
164.64,1,1,0.938,0.765,3.8,0.423,1,1,0.016,0,166.8,0.041,124.1,0.0,0.007,0.235,0.991,0.224,0.616,0.998,0.985
165.12,1,1,0.949,0.706,2.4,0.46,1,1,0.055,0,166.0,0.062,123.3,0.0,0.0,0.256,0.991,0.22,0.607,0.998,0.985
165.6,1,1,0.923,0.412,12.9,0.309,1,1,0.0,0,,0.24,122.9,0.0,0.0,0.173,0.994,0.215,0.597,0.998,0.986
166.08,1,1,0.922,0.412,12.5,0.304,1,1,0.0,0,,0.022,123.1,0.0,0.0,0.169,0.992,0.212,0.589,0.998,0.986
166.56,1,1,0.946,0.706,2.4,0.455,1,1,0.067,0,166.2,0.254,123.4,0.0,0.0,0.253,0.991,0.211,0.588,0.999,0.985
167.04,1,1,0.94,0.765,4.1,0.424,1,1,0.036,0,170.4,0.073,124.1,0.0,0.008,0.234,0.989,0.213,0.593,0.999,0.985
167.52,1,1,0.943,0.706,5.6,0.409,1,1,0.014,0,153.2,0.055,126.1,0.0,0.002,0.227,0.989,0.219,0.605,0.999,0.985
168.0,1,1,0.935,0.647,11.6,0.457,1,1,0.043,0,,0.074,127.9,0.0,0.008,0.253,0.991,0.224,0.616,0.999,0.986
168.48,1,1,0.935,0.765,2.4,0.446,1,1,0.065,0,171.0,0.079,126.7,0.022,0.006,0.269,0.991,0.226,0.619,0.999,0.986
168.96,1,1,0.938,0.765,5.1,0.432,1,1,0.109,0,170.9,0.129,125.4,0.05,0.005,0.289,0.99,0.221,0.609,0.999,0.985
169.44,1,1,0.93,0.824,0.8,0.372,1,1,0.088,0,172.7,0.065,124.9,0.056,0.005,0.263,0.993,0.216,0.6,0.999,0.985
169.92,1,1,0.928,0.882,0.6,0.354,1,1,0.087,0,172.7,0.065,124.0,0.061,0.005,0.257,0.99,0.214,0.594,0.999,0.985
170.4,1,1,0.939,0.882,3.1,0.411,1,1,0.123,0,169.9,0.076,125.6,0.054,0.005,0.281,0.987,0.212,0.59,0.999,0.984
170.88,1,1,0.944,0.647,3.1,0.441,1,1,0.105,0,,0.115,126.4,0.034,0.004,0.278,0.99,0.213,0.596,0.999,0.983
171.36,1,1,0.942,0.706,7.5,0.47,1,1,0.059,0,169.0,0.126,127.4,0.0,0.008,0.26,0.991,0.219,0.609,0.999,0.984
171.84,1,1,0.938,0.647,9.6,0.433,1,1,0.023,0,,0.065,127.4,0.0,0.006,0.239,0.991,0.225,0.618,0.999,0.985
172.32,1,1,0.941,0.706,4.0,0.418,1,1,0.013,0,167.6,0.038,124.9,0.002,0.007,0.233,0.99,0.225,0.619,0.999,0.984
172.8,1,1,0.949,0.647,3.0,0.457,1,1,0.047,0,,0.06,123.6,0.0,0.0,0.255,0.99,0.223,0.609,0.999,0.983
173.28,1,1,0.933,0.471,16.9,0.36,1,1,0.0,0,,0.191,121.9,0.0,0.0,0.201,0.989,0.219,0.599,0.999,0.983
173.76,1,1,0.919,0.353,6.7,0.296,1,1,0.0,0,,0.091,123.7,0.0,0.0,0.165,0.994,0.213,0.591,0.999,0.984
174.24,1,1,0.941,0.706,1.0,0.408,1,1,0.027,0,160.6,0.209,123.1,0.0,0.0,0.227,0.988,0.212,0.587,0.999,0.985
174.72,1,1,0.943,0.647,4.9,0.436,1,1,0.049,0,,0.081,123.8,0.0,0.003,0.242,0.989,0.213,0.589,0.999,0.984
175.2,1,1,0.945,0.706,3.1,0.412,1,1,0.02,0,155.1,0.1,125.5,0.0,0.005,0.229,0.991,0.217,0.6,0.999,0.984
175.68,1,1,0.936,0.647,10.7,0.442,1,1,0.034,0,,0.112,127.7,0.0,0.006,0.245,0.991,0.223,0.612,0.999,0.985
176.16,1,1,0.94,0.706,4.6,0.461,1,1,0.051,0,167.4,0.082,126.7,0.006,0.005,0.261,0.99,0.226,0.618,0.999,0.986
176.64,1,1,0.941,0.647,4.3,0.441,1,1,0.097,0,,0.138,126.0,0.044,0.004,0.288,0.989,0.225,0.612,0.999,0.983
177.12,1,1,0.929,0.824,2.6,0.391,1,1,0.099,0,172.0,0.093,125.5,0.059,0.005,0.275,0.988,0.22,0.602,0.998,0.984
177.6,1,1,0.909,0.706,4.4,0.338,1,1,0.075,0,159.0,0.1,124.3,0.066,0.005,0.253,0.989,0.218,0.597,0.998,0.985
178.08,1,1,0.922,0.765,2.1,0.385,1,1,0.108,0,172.9,0.099,125.4,0.059,0.005,0.272,0.989,0.215,0.591,0.997,0.986
178.56,1,1,0.939,0.765,4.8,0.437,1,1,0.117,0,171.7,0.08,125.8,0.046,0.005,0.288,0.99,0.217,0.592,0.998,0.983
179.04,1,1,0.938,0.706,4.0,0.45,1,1,0.061,0,168.2,0.152,126.4,0.013,0.006,0.262,0.989,0.222,0.604,0.998,0.984
179.52,1,1,0.933,0.647,11.1,0.444,1,1,0.03,0,,0.086,127.7,0.0,0.006,0.246,0.991,0.226,0.615,0.998,0.985
180.0,1,1,0.943,0.706,3.8,0.409,1,1,0.0,0,155.1,0.108,125.7,0.0,0.005,0.227,0.991,0.228,0.619,0.999,0.985
180.48,1,1,0.943,0.706,5.0,0.433,1,1,0.022,0,168.3,0.102,123.8,0.0,0.005,0.239,0.989,0.226,0.612,0.999,0.983
180.96,1,1,0.946,0.706,0.1,0.42,1,1,0.024,0,161.6,0.102,123.3,0.0,0.0,0.234,0.991,0.22,0.603,0.999,0.983
181.44,1,1,0.92,0.353,7.4,0.298,1,1,0.0,0,,0.216,123.7,0.0,0.0,0.167,0.994,0.214,0.593,0.999,0.984
181.92,1,1,0.932,0.412,15.9,0.348,1,1,0.0,0,,0.056,122.2,0.0,0.0,0.194,0.99,0.213,0.588,0.998,0.984
182.4,1,1,0.95,0.647,3.4,0.46,1,1,0.07,0,,0.208,123.6,0.0,0.0,0.257,0.99,0.212,0.588,0.998,0.984
182.88,1,1,0.941,0.647,4.2,0.421,1,1,0.032,0,,0.073,124.7,0.001,0.006,0.234,0.991,0.215,0.597,0.998,0.983
183.36,1,1,0.94,0.706,7.5,0.427,1,1,0.025,0,160.1,0.013,127.2,0.0,0.004,0.237,0.991,0.221,0.61,0.999,0.984
183.84,1,1,0.942,0.647,9.5,0.467,1,1,0.047,0,,0.083,127.5,0.0,0.009,0.258,0.991,0.226,0.618,0.999,0.985
184.32,1,1,0.944,0.706,3.0,0.444,1,1,0.079,0,170.8,0.129,126.5,0.029,0.004,0.275,0.989,0.223,0.618,0.999,0.984
184.8,1,1,0.94,0.882,3.3,0.419,1,1,0.11,0,169.0,0.095,125.6,0.053,0.005,0.284,0.987,0.218,0.607,0.999,0.983
185.28,1,1,0.928,0.882,0.1,0.361,1,1,0.084,0,172.8,0.055,124.0,0.058,0.006,0.258,0.991,0.215,0.599,0.999,0.984
185.76,1,1,0.932,0.882,0.6,0.371,1,1,0.095,0,172.3,0.049,124.6,0.055,0.004,0.261,0.992,0.212,0.592,0.999,0.985
186.24,1,1,0.936,0.765,4.2,0.432,1,1,0.132,0,171.6,0.058,125.3,0.05,0.005,0.289,0.989,0.211,0.59,0.999,0.985
186.72,1,1,0.936,0.765,3.6,0.444,1,1,0.085,0,173.3,0.069,126.7,0.024,0.004,0.27,0.99,0.216,0.6,0.999,0.984
187.2,1,1,0.939,0.647,11.7,0.461,1,1,0.049,0,,0.13,127.9,0.0,0.01,0.255,0.991,0.222,0.613,0.999,0.985
187.68,1,1,0.943,0.706,6.2,0.411,1,1,0.006,0,154.5,0.077,126.4,0.0,0.002,0.229,0.99,0.225,0.619,0.999,0.986
188.16,1,1,0.938,0.765,3.8,0.423,1,1,0.016,0,166.8,0.041,124.1,0.0,0.007,0.235,0.991,0.224,0.616,0.998,0.985
188.64,1,1,0.949,0.706,2.4,0.46,1,1,0.055,0,166.0,0.062,123.3,0.0,0.0,0.256,0.991,0.22,0.607,0.998,0.985
189.12,1,1,0.923,0.412,12.9,0.309,1,1,0.0,0,,0.24,122.9,0.0,0.0,0.173,0.994,0.215,0.597,0.998,0.986
189.6,1,1,0.922,0.412,12.5,0.304,1,1,0.0,0,,0.022,123.1,0.0,0.0,0.169,0.992,0.212,0.589,0.998,0.986
190.08,1,1,0.946,0.706,2.4,0.455,1,1,0.067,0,166.2,0.254,123.4,0.0,0.0,0.253,0.991,0.211,0.588,0.999,0.985
190.56,1,1,0.94,0.765,4.1,0.424,1,1,0.036,0,170.4,0.073,124.1,0.0,0.008,0.234,0.989,0.213,0.593,0.999,0.985
191.04,1,1,0.943,0.706,5.6,0.409,1,1,0.014,0,153.2,0.055,126.1,0.0,0.002,0.227,0.989,0.219,0.605,0.999,0.985
191.52,1,1,0.935,0.647,11.6,0.457,1,1,0.043,0,,0.074,127.9,0.0,0.008,0.253,0.991,0.224,0.616,0.999,0.986
192.0,1,1,0.935,0.765,2.4,0.446,1,1,0.065,0,171.0,0.079,126.7,0.022,0.006,0.269,0.991,0.226,0.619,0.999,0.986
192.48,1,1,0.938,0.765,5.1,0.432,1,1,0.109,0,170.9,0.129,125.4,0.05,0.005,0.289,0.99,0.221,0.609,0.999,0.985
192.96,1,1,0.93,0.824,0.8,0.372,1,1,0.088,0,172.7,0.065,124.9,0.056,0.005,0.263,0.993,0.216,0.6,0.999,0.985
193.44,1,1,0.817,0.824,29.8,0.865,1,0,0.364,1,,3.653,141.5,0.624,0.182,0.944,0.839,0.216,0.6,0.999,0.985
193.92,1,1,0.859,0.647,8.6,0.414,1,1,0.05,0,,0.442,123.9,0.68,0.008,0.832,0.66,0.166,0.628,0.999,0.988
194.4,1,1,0.915,0.824,8.4,0.634,1,1,0.217,0,,0.104,101.6,0.527,0.009,0.818,0.825,0.132,0.648,0.999,0.988
194.88,1,1,0.803,0.941,10.6,0.438,1,1,0.221,0,176.1,0.031,97.2,0.645,0.089,0.826,0.827,0.106,0.664,0.999,0.988
195.36,1,1,0.884,0.706,14.9,1.57,1,1,0.0,0,,0.089,132.2,0.54,0.107,0.886,0.498,0.075,0.587,0.987,0.99
195.84,1,1,0.936,0.706,22.2,1.382,1,1,0.086,1,,0.282,136.4,0.578,0.159,0.938,0.622,0.067,0.582,0.988,0.99
196.32,1,1,0.934,0.824,24.0,1.254,1,1,0.299,1,,0.039,136.7,0.625,0.244,0.997,0.772,0.064,0.611,0.991,0.992
196.8,2,1,0.863,0.824,34.6,0.813,1,1,0.279,0,,0.146,134.9,0.587,0.216,0.849,0.79,0.059,0.63,0.993,0.992
197.28,1,1,0.895,0.824,47.1,0.933,1,1,0.276,0,,0.236,130.8,0.538,0.279,0.797,0.772,0.054,0.636,0.991,0.99
197.76,1,1,0.881,0.824,46.2,0.932,1,1,0.255,0,,0.095,129.5,0.537,0.275,0.79,0.758,0.049,0.635,0.993,0.99
198.24,1,1,0.884,0.882,39.6,0.869,1,1,0.212,0,,0.05,130.1,0.562,0.232,0.813,0.746,0.047,0.637,0.995,0.99
198.72,1,1,0.924,0.882,23.9,1.015,1,1,0.229,0,,0.455,134.6,0.67,0.228,0.976,0.763,0.05,0.641,0.997,0.99
199.2,1,1,0.932,0.882,6.8,0.904,1,1,0.237,0,,0.137,136.4,0.699,0.191,1.0,0.783,0.053,0.642,0.998,0.991
199.68,1,1,0.933,0.824,4.7,0.673,1,1,0.175,0,,0.191,135.6,0.668,0.067,0.932,0.767,0.056,0.645,0.998,0.991
200.16,1,1,0.911,0.765,5.1,0.886,1,1,0.2,1,,0.601,134.2,0.544,0.159,0.849,0.772,0.059,0.65,0.998,0.991
200.64,1,1,0.906,0.824,38.3,1.737,1,1,0.314,1,,0.169,132.2,0.442,0.263,0.998,0.832,0.064,0.653,0.999,0.991
201.12,1,1,0.797,0.824,23.0,1.531,1,1,0.263,1,,0.04,132.9,0.474,0.213,0.992,0.814,0.055,0.656,0.999,0.991
201.6,1,1,0.943,0.824,5.1,0.689,1,1,0.171,0,,0.46,135.1,0.635,0.068,0.91,0.776,0.06,0.655,0.997,0.991
202.08,1,1,0.936,0.882,0.8,0.811,1,1,0.178,0,,0.296,136.4,0.702,0.135,0.989,0.765,0.061,0.652,0.998,0.991
202.56,1,1,0.92,0.882,17.6,0.931,1,1,0.249,0,,0.012,135.9,0.692,0.229,0.986,0.791,0.06,0.652,0.998,0.991
203.04,1,1,0.9,0.882,28.5,0.762,1,1,0.186,0,,0.426,131.7,0.612,0.207,0.844,0.75,0.057,0.649,0.999,0.991
203.52,1,1,0.879,0.824,49.7,0.942,1,1,0.221,0,,0.246,129.1,0.542,0.273,0.795,0.751,0.053,0.645,0.999,0.99
204.0,2,1,0.748,0.941,45.9,1.517,1,1,0.28,0,103.8,0.072,129.5,0.532,0.274,0.968,0.785,0.051,0.642,0.999,0.99
204.48,2,1,0.792,0.824,40.6,0.949,1,1,0.258,0,,0.158,132.9,0.537,0.257,0.819,0.785,0.051,0.649,0.999,0.991
204.96,1,1,0.922,0.824,22.3,1.035,1,1,0.233,0,,0.189,136.8,0.64,0.223,0.97,0.79,0.051,0.658,0.999,0.991
205.44,1,1,0.928,0.765,22.7,1.421,1,1,0.027,0,,0.021,137.2,0.595,0.202,0.96,0.659,0.049,0.647,0.999,0.992
205.92,1,1,0.911,0.706,20.4,1.399,1,1,0.0,0,,0.164,135.7,0.559,0.124,0.911,0.57,0.043,0.601,0.992,0.991
206.4,1,1,0.698,0.706,8.9,0.496,1,1,0.263,0,,0.155,109.6,0.646,0.094,0.852,0.83,0.034,0.636,0.994,0.99
206.88,1,1,0.88,0.824,10.8,0.711,1,1,0.222,0,,0.125,92.7,0.509,0.051,0.818,0.824,0.04,0.652,0.994,0.991
207.36,1,1,0.892,0.824,9.3,0.496,1,1,0.189,0,,0.109,115.0,0.59,0.003,0.819,0.823,0.041,0.668,0.992,0.991
207.84,1,1,0.724,0.941,23.0,0.87,1,1,0.165,0,110.6,0.21,139.3,0.615,0.138,0.929,0.779,0.038,0.674,0.988,0.992
208.32,1,1,0.84,0.824,17.6,0.682,1,1,0.128,0,,0.118,141.9,0.651,0.138,0.888,0.755,0.043,0.676,0.99,0.992
208.8,1,1,0.872,0.824,21.2,0.659,1,1,0.109,0,,0.094,140.2,0.635,0.158,0.85,0.74,0.039,0.677,0.985,0.992
209.28,1,1,0.85,0.941,7.1,0.385,1,1,0.17,0,173.1,0.24,115.7,0.641,0.0,0.82,0.827,0.043,0.686,0.987,0.992
209.76,1,1,0.899,0.824,10.5,0.686,1,1,0.166,0,,0.148,94.6,0.509,0.012,0.822,0.822,0.041,0.687,0.99,0.991
210.24,1,1,0.868,0.647,5.0,0.415,1,1,0.181,0,,0.102,107.4,0.673,0.096,0.844,0.831,0.039,0.698,0.992,0.99
210.72,1,1,0.907,0.706,19.7,1.416,1,1,0.0,0,,0.214,135.3,0.555,0.121,0.906,0.562,0.034,0.634,0.987,0.991
211.2,1,1,0.926,0.706,23.6,1.423,1,1,0.045,1,,0.183,137.0,0.592,0.193,0.956,0.648,0.037,0.628,0.991,0.991
211.68,1,1,0.923,0.824,23.9,1.069,1,1,0.265,0,,0.047,136.9,0.641,0.23,0.98,0.793,0.042,0.643,0.993,0.993
212.16,2,1,0.853,0.824,40.5,0.93,1,1,0.25,0,,0.147,133.2,0.543,0.248,0.824,0.785,0.043,0.651,0.995,0.992
212.64,2,1,0.733,0.941,45.2,1.334,1,1,0.256,0,107.7,0.18,129.6,0.534,0.273,0.911,0.775,0.043,0.647,0.996,0.991
213.12,1,1,0.843,0.824,48.1,0.935,1,1,0.229,0,,0.081,128.9,0.541,0.272,0.794,0.753,0.041,0.643,0.997,0.991
213.6,1,1,0.914,0.882,30.6,0.762,1,1,0.198,0,,0.134,131.4,0.602,0.212,0.832,0.75,0.042,0.644,0.998,0.991
214.08,1,1,0.912,1.0,18.2,0.947,1,1,0.267,0,97.2,0.429,135.7,0.692,0.232,0.993,0.798,0.048,0.647,0.998,0.991
214.56,1,1,0.942,0.882,4.2,0.859,1,1,0.195,0,,0.079,136.5,0.701,0.149,1.0,0.767,0.053,0.646,0.999,0.991
215.04,1,1,0.94,0.824,3.7,0.688,1,1,0.182,0,,0.266,135.2,0.642,0.066,0.918,0.778,0.058,0.648,0.997,0.991
215.52,2,1,0.819,0.824,22.5,1.454,1,1,0.283,1,,0.375,133.0,0.486,0.207,0.994,0.827,0.058,0.652,0.998,0.991
216.0,1,1,0.906,0.824,38.2,1.753,1,1,0.316,0,,0.11,132.3,0.442,0.269,0.998,0.833,0.067,0.655,0.998,0.991
216.48,2,1,0.861,0.765,6.7,0.923,1,1,0.2,1,,0.226,133.9,0.526,0.173,0.841,0.778,0.065,0.657,0.999,0.991
216.96,1,1,0.936,0.882,2.0,0.689,1,1,0.161,0,107.8,0.588,135.5,0.66,0.067,0.931,0.767,0.065,0.654,0.998,0.99
217.44,1,1,0.936,0.882,5.3,0.894,1,1,0.214,0,,0.242,136.5,0.699,0.182,1.0,0.78,0.064,0.652,0.998,0.991
217.92,1,1,0.925,0.882,22.5,1.022,1,1,0.21,0,,0.183,135.0,0.675,0.228,0.983,0.764,0.062,0.652,0.999,0.991
218.4,1,1,0.887,0.882,37.2,0.825,1,1,0.192,0,,0.454,130.3,0.573,0.226,0.816,0.75,0.055,0.65,0.999,0.991
218.88,1,1,0.887,0.824,46.4,0.926,1,1,0.232,0,,0.052,129.3,0.54,0.278,0.79,0.758,0.05,0.647,0.999,0.99
219.36,2,1,0.849,0.824,45.5,0.979,1,1,0.251,0,,0.083,130.5,0.525,0.279,0.795,0.77,0.046,0.647,0.999,0.99
219.84,1,1,0.898,0.824,34.7,0.81,1,1,0.238,0,,0.195,134.5,0.576,0.224,0.833,0.789,0.047,0.654,0.998,0.991
220.32,1,1,0.934,0.941,24.4,1.182,1,1,0.235,0,102.0,0.15,136.8,0.633,0.245,0.997,0.792,0.048,0.663,0.999,0.992
220.8,1,1,0.929,0.706,22.9,1.406,1,0,0.0,0,,0.06,136.6,0.581,0.168,0.946,0.63,0.048,0.663,0.999,0.992
221.28,1,1,0.898,0.706,16.1,1.509,1,1,0.0,0,,0.256,133.3,0.543,0.111,0.89,0.519,0.034,0.596,0.987,0.992
221.76,1,1,0.831,0.882,9.8,0.442,1,1,0.27,0,178.9,0.085,99.8,0.643,0.092,0.826,0.826,0.039,0.628,0.991,0.991
222.24,1,1,0.921,0.882,7.9,0.66,1,1,0.219,0,167.9,0.008,97.5,0.517,0.009,0.819,0.824,0.047,0.645,0.992,0.991
222.72,1,1,0.872,0.647,8.7,0.382,1,1,0.006,0,,0.134,122.2,0.684,0.002,0.826,0.663,0.048,0.659,0.994,0.991
223.2,1,1,0.786,0.765,27.0,0.837,1,1,0.224,0,,0.441,141.5,0.625,0.185,0.916,0.802,0.048,0.664,0.996,0.992
223.68,1,1,0.832,0.824,27.8,0.766,1,1,0.259,0,,0.128,141.7,0.643,0.152,0.944,0.849,0.049,0.668,0.997,0.992
224.16,1,1,0.843,0.706,19.8,1.177,1,1,0.0,0,,0.253,132.5,0.507,0.084,0.84,0.587,0.045,0.676,0.989,0.994
224.64,1,1,0.573,0.647,53.6,1.495,1,1,0.16,0,133.6,0.491,112.4,0.147,0.0,0.831,0.813,0.045,0.683,0.988,0.992
225.12,1,1,0.855,0.765,10.1,0.674,1,1,0.171,0,,0.771,89.5,0.51,0.013,0.818,0.825,0.039,0.686,0.99,0.991
225.6,1,1,0.563,0.706,10.3,1.718,1,1,0.0,0,,0.238,122.4,0.565,0.1,0.864,0.409,0.028,0.576,0.972,0.989
226.08,1,1,0.928,0.706,20.2,1.27,1,1,0.117,1,,0.364,136.3,0.57,0.134,0.918,0.621,0.03,0.564,0.978,0.99
226.56,1,1,0.924,0.824,23.9,1.391,1,0,0.274,1,,0.055,137.0,0.6,0.226,0.965,0.692,0.03,0.564,0.978,0.99
227.04,1,1,0.928,0.882,25.6,0.91,1,1,0.333,1,124.2,0.08,136.5,0.624,0.214,0.919,0.79,0.036,0.598,0.984,0.991
227.52,1,1,0.859,0.824,47.0,0.947,1,1,0.326,0,,0.274,132.1,0.534,0.278,0.802,0.781,0.04,0.617,0.988,0.99
228.0,1,1,0.888,0.824,45.8,0.937,1,1,0.284,0,,0.097,129.8,0.532,0.275,0.788,0.762,0.041,0.624,0.992,0.99
228.48,1,1,0.9,0.824,47.0,0.96,1,1,0.248,0,,0.079,129.8,0.54,0.262,0.802,0.748,0.043,0.627,0.994,0.99
228.96,1,1,0.905,0.882,24.7,0.886,1,1,0.23,0,,0.278,133.1,0.642,0.217,0.911,0.758,0.046,0.633,0.996,0.99
229.44,1,1,0.928,0.882,9.1,0.957,1,1,0.246,0,,0.297,136.1,0.696,0.218,0.996,0.775,0.05,0.638,0.997,0.99
229.92,1,1,0.932,0.824,3.2,0.68,1,1,0.188,0,,0.067,136.2,0.698,0.1,0.953,0.766,0.055,0.641,0.998,0.99
230.4,1,1,0.933,0.882,5.0,0.731,1,1,0.184,1,,0.364,134.8,0.611,0.096,0.888,0.77,0.06,0.646,0.998,0.99
230.88,1,1,0.883,0.824,33.9,1.628,1,1,0.304,1,,0.172,132.3,0.447,0.233,0.997,0.834,0.064,0.651,0.998,0.99
231.36,1,1,0.896,0.824,35.4,1.634,1,1,0.307,1,,0.016,132.2,0.446,0.24,0.996,0.839,0.068,0.654,0.999,0.991
231.84,1,1,0.943,0.882,2.5,0.757,1,1,0.175,1,,0.236,134.7,0.598,0.111,0.88,0.771,0.068,0.655,0.999,0.991
232.32,1,1,0.93,0.824,3.0,0.658,1,1,0.168,0,,0.381,136.1,0.693,0.087,0.945,0.767,0.068,0.653,0.999,0.991
232.8,1,1,0.937,0.882,8.9,0.98,1,1,0.204,0,,0.104,136.2,0.696,0.213,1.0,0.764,0.065,0.652,1.0,0.99
233.28,1,1,0.919,0.882,25.5,0.94,1,1,0.2,0,,0.24,133.5,0.65,0.22,0.935,0.759,0.058,0.651,1.0,0.99
233.76,1,1,0.885,0.824,45.4,0.931,1,1,0.206,0,,0.39,129.8,0.542,0.256,0.8,0.749,0.056,0.647,0.999,0.99
234.24,1,1,0.896,0.824,46.4,0.937,1,1,0.241,0,,0.068,129.8,0.533,0.276,0.788,0.761,0.053,0.644,0.999,0.99
234.72,1,1,0.872,0.824,50.1,0.932,1,1,0.259,0,,0.149,131.7,0.538,0.282,0.798,0.777,0.049,0.649,0.999,0.99
235.2,1,1,0.915,0.824,29.5,0.886,1,1,0.227,0,,0.213,136.2,0.614,0.211,0.901,0.788,0.051,0.657,0.998,0.991
235.68,1,1,0.928,0.824,23.6,1.378,1,0,0.105,0,,0.094,136.8,0.601,0.236,0.965,0.706,0.051,0.657,0.998,0.991
236.16,1,1,0.931,0.765,21.1,1.276,1,1,0.017,0,,0.139,136.1,0.572,0.141,0.923,0.63,0.047,0.622,0.994,0.991
236.64,1,1,0.826,0.706,11.0,1.671,1,1,0.0,0,,0.336,127.0,0.559,0.099,0.871,0.431,0.033,0.535,0.972,0.992
237.12,1,1,0.877,0.765,9.9,0.669,1,1,0.304,0,,0.14,90.6,0.521,0.027,0.821,0.824,0.035,0.582,0.98,0.991
237.6,1,1,0.672,0.941,8.2,0.612,1,1,0.26,0,168.5,0.112,111.4,0.539,0.009,0.819,0.824,0.039,0.612,0.985,0.991
238.08,1,1,0.439,0.706,11.7,0.696,1,1,0.0,0,,0.065,129.4,0.639,0.07,0.842,0.59,0.039,0.637,0.982,0.992
238.56,1,1,0.854,0.824,27.1,0.799,1,1,0.275,0,,0.25,141.7,0.638,0.154,0.945,0.837,0.043,0.649,0.987,0.992
239.04,1,1,0.817,0.824,32.6,0.865,1,0,0.29,0,,0.115,141.5,0.624,0.182,0.944,0.84,0.043,0.649,0.987,0.992
239.52,1,1,0.859,0.647,8.6,0.414,1,1,0.0,0,,0.446,123.9,0.68,0.008,0.832,0.66,0.045,0.662,0.99,0.993
240.0,1,1,0.915,0.824,8.4,0.634,1,1,0.188,0,,0.104,101.6,0.527,0.009,0.818,0.825,0.047,0.672,0.993,0.991
240.48,1,1,0.803,0.941,10.6,0.438,1,1,0.198,0,176.1,0.031,97.2,0.645,0.089,0.826,0.827,0.047,0.681,0.995,0.99
240.96,1,1,0.884,0.706,14.9,1.57,1,1,0.0,0,,0.089,132.2,0.54,0.107,0.886,0.498,0.034,0.599,0.984,0.991
241.44,1,1,0.936,0.706,22.2,1.382,1,1,0.068,1,,0.282,136.4,0.578,0.159,0.938,0.622,0.038,0.591,0.986,0.991
241.92,1,1,0.934,0.824,24.0,1.254,1,1,0.287,1,,0.039,136.7,0.625,0.244,0.997,0.772,0.043,0.617,0.99,0.993
242.4,2,1,0.863,0.824,34.6,0.813,1,1,0.272,0,,0.146,134.9,0.587,0.216,0.849,0.79,0.045,0.634,0.992,0.992
242.88,1,1,0.895,0.824,47.1,0.933,1,1,0.271,0,,0.236,130.8,0.538,0.279,0.797,0.772,0.044,0.639,0.99,0.991
243.36,1,1,0.881,0.824,46.2,0.932,1,1,0.251,0,,0.095,129.5,0.537,0.275,0.79,0.758,0.042,0.637,0.993,0.991
243.84,1,1,0.884,0.882,39.6,0.869,1,1,0.21,0,,0.05,130.1,0.562,0.232,0.813,0.746,0.042,0.638,0.995,0.991
244.32,1,1,0.924,0.882,23.9,1.015,1,1,0.227,0,,0.455,134.6,0.67,0.228,0.976,0.763,0.047,0.642,0.996,0.99
244.8,1,1,0.932,0.882,6.8,0.904,1,1,0.235,0,,0.137,136.4,0.699,0.191,1.0,0.783,0.05,0.643,0.997,0.991
245.28,1,1,0.933,0.824,4.7,0.673,1,1,0.174,0,,0.191,135.6,0.668,0.067,0.932,0.767,0.054,0.645,0.998,0.991
245.76,1,1,0.911,0.765,5.1,0.886,1,1,0.2,1,,0.601,134.2,0.544,0.159,0.849,0.772,0.058,0.65,0.998,0.991
246.24,1,1,0.906,0.824,38.3,1.737,1,1,0.314,1,,0.169,132.2,0.442,0.263,0.998,0.832,0.063,0.654,0.999,0.991
246.72,1,1,0.797,0.824,23.0,1.531,1,1,0.263,1,,0.04,132.9,0.474,0.213,0.992,0.814,0.055,0.656,0.999,0.991
247.2,1,1,0.943,0.824,5.1,0.689,1,1,0.17,0,,0.46,135.1,0.635,0.068,0.91,0.776,0.059,0.655,0.997,0.991
247.68,1,1,0.936,0.882,0.8,0.811,1,1,0.178,0,,0.296,136.4,0.702,0.135,0.989,0.765,0.061,0.653,0.998,0.991
248.16,1,1,0.92,0.882,17.6,0.931,1,1,0.249,0,,0.012,135.9,0.692,0.229,0.986,0.791,0.059,0.652,0.998,0.991
248.64,1,1,0.9,0.882,28.5,0.762,1,1,0.186,0,,0.426,131.7,0.612,0.207,0.844,0.75,0.057,0.649,0.999,0.991
249.12,1,1,0.879,0.824,49.7,0.942,1,1,0.221,0,,0.246,129.1,0.542,0.273,0.795,0.751,0.053,0.645,0.999,0.99
249.6,2,1,0.748,0.941,45.9,1.517,1,1,0.28,0,103.8,0.072,129.5,0.532,0.274,0.968,0.785,0.051,0.642,0.999,0.99
250.08,2,1,0.792,0.824,40.6,0.949,1,1,0.258,0,,0.158,132.9,0.537,0.257,0.819,0.785,0.051,0.649,0.999,0.991
250.56,1,1,0.922,0.824,22.3,1.035,1,1,0.233,0,,0.189,136.8,0.64,0.223,0.97,0.79,0.051,0.658,0.999,0.991
251.04,1,1,0.928,0.765,22.7,1.421,1,1,0.027,0,,0.021,137.2,0.595,0.202,0.96,0.659,0.049,0.647,0.999,0.992
251.52,1,1,0.911,0.706,20.4,1.399,1,1,0.0,0,,0.164,135.7,0.559,0.124,0.911,0.57,0.043,0.601,0.992,0.991
252.0,1,1,0.698,0.706,8.9,0.496,1,1,0.263,0,,0.155,109.6,0.646,0.094,0.852,0.83,0.034,0.636,0.994,0.99
252.48,1,1,0.88,0.824,10.8,0.711,1,1,0.222,0,,0.125,92.7,0.509,0.051,0.818,0.824,0.04,0.652,0.994,0.991
252.96,1,1,0.892,0.824,9.3,0.496,1,1,0.189,0,,0.109,115.0,0.59,0.003,0.819,0.823,0.041,0.668,0.992,0.991
